,配管表,,,,,,,,,,,,,,,,,,,,,,
,配管種類,,,,,,,,,,,,,,,,,,,,,,
,Size,,,,,,,Outer Diameter,,Inner Diameter,,Thickness,,Unit Weight,,減圧弁の騒音計算に使用,,,,,,,
,,,,,,,,mm,in,mm,in,mm,in,kg/m,lb/ft,For SPL,,,,,,,
QS_PIPETABLE,GradeCO,SizeCO,SizeType,PipeGrade,Metric,Inch,DIN,OD_M,OD_I,ID_M,ID_I,Thick_M,Thick_I,Weight_M,Weight_I,Sa,A,B,,,,,
,1,6,0,JIS-SGP,6A,NPS1/8,DN6,10.5,0.413385826771654,6.5,0.255905511811024,2,0.078740157480315,0.419,0.281589454434624,14.5,1137,1087,1.3,35,40,1137,1087
,1,8,0,JIS-SGP,8A,NPS1/4,DN8,13.8,0.543307086614173,9.2,0.362204724409449,2.3,0.0905511811023622,0.652,0.438177384943615,14.5,1137,1087,1.3,35,40,1137,1087
,1,10,0,JIS-SGP,10A,NPS3/8,DN10,17.3,0.681102362204724,12.7,0.5,2.3,0.0905511811023622,0.851,0.571915574519963,14.5,1137,1087,1.3,35,40,1137,1087
,1,15,0,JIS-SGP,15A,NPS1/2,DN15,21.7,0.854330708661417,16.1,0.633858267716535,2.8,0.110236220472441,1.31,0.880387077110637,14.5,1137,1087,1.3,35,40,1137,1087
,1,20,0,JIS-SGP,20A,NPS3/4,DN20,27.2,1.07086614173228,21.6,0.850393700787402,2.8,0.110236220472441,1.68,1.1290460225541,14.5,1137,976,1.3,35,45,1137,976
,1,25,0,JIS-SGP,25A,NPS1,DN25,34,1.33858267716535,27.6,1.08661417322835,3.2,0.125984251968504,2.43,1.63308442548004,14.5,987,889,1.3,40,50,987,889
,1,32,0,JIS-SGP,32A,NPS1 1/4,DN32,42.7,1.68110236220472,35.7,1.40551181102362,3.5,0.137795275590551,3.38,2.27153306918622,14.5,828,778,1.23,40,50,828,778
,1,40,0,JIS-SGP,40A,NPS1 1/2,DN40,48.6,1.91338582677165,41.6,1.63779527559055,3.5,0.137795275590551,3.89,2.61427918317586,15,744,725,1.23,45,55,744,725
,1,50,0,JIS-SGP,50A,NPS2,DN50,60.5,2.38188976377953,52.9,2.08267716535433,3.8,0.149606299212598,5.31,3.56859189271563,15.5,744,725,1.23,45,55,744,725
,1,65,0,JIS-SGP,65A,NPS2 1/2,DN65,76.3,3.00393700787402,67.9,2.67322834645669,4.2,0.165354330708661,7.47,5.02022249314233,16,599,622,1.17,50,60,599,622
,1,80,0,JIS-SGP,80A,NPS3,DN80,89.1,3.50787401574803,80.7,3.17716535433071,4.2,0.165354330708661,8.79,5.90733008229198,18,599,622,1.17,50,60,599,622
,1,100,0,JIS-SGP,100A,NPS4,DN100,114.3,4.5,105.3,4.14566929133858,4.5,0.177165354330709,12.2,8.19902468759524,18.5,557,593,1.17,55,65,557,593
,1,125,0,JIS-SGP,125A,NPS5,DN125,139.8,5.50393700787402,130.8,5.1496062992126,4.5,0.177165354330709,15,10.0807680585187,19,472,529,1.11,60,70,472,529
,1,150,0,JIS-SGP,150A,NPS6,DN150,165.2,6.50393700787402,155.2,6.11023622047244,5,0.196850393700787,19.8,13.3066138372447,20,472,512,1.11,60,75,472,512
,1,200,0,JIS-SGP,200A,NPS8,DN200,216.3,8.51574803149607,204.7,8.05905511811024,5.8,0.228346456692913,30.1,20.2287412374276,21,449,512,1.11,65,75,449,512
,1,250,0,JIS-SGP,250A,NPS10,DN250,267.4,10.5275590551181,254.2,10.007874015748,6.6,0.259842519685039,42.4,28.494971045413,21,405,465,1.04,65,80,405,465
,1,300,0,JIS-SGP,300A,NPS12,DN300,318.5,12.5393700787402,304.7,11.996062992126,6.9,0.271653543307087,53,35.6187138067662,21,390,455,1.04,70,85,390,455
,1,350,0,JIS-SGP,350A,NPS14,DN350,355.6,14,339.8,13.3779527559055,7.9,0.311023622047244,67.7,45.4978665041146,21.5,390,455,1.04,70,85,390,455
,1,400,0,JIS-SGP,400A,NPS16,DN400,406.4,16,390.6,15.3779527559055,7.9,0.311023622047244,77.6,52.151173422737,21.5,371,441,1,70,85,371,441
,1,450,0,JIS-SGP,450A,NPS18,DN450,457.2,18,441.4,17.3779527559055,7.9,0.311023622047244,87.5,58.8044803413593,21.5,371,441,1,70,85,371,441
,1,500,0,JIS-SGP,500A,NPS20,DN500,508,20,492.2,19.3779527559055,7.9,0.311023622047244,97.4,65.4577872599817,22,360,433,1,75,90,360,433
,2,6,0,JIS-STPG Sch40,6A,NPS1/8,DN6,10.5,0.413385826771654,7.1,0.279527559055118,1.7,0.0669291338582677,0.369,0.247986894239561,14.5,1137,1087,,,,,
,2,8,0,JIS-STPG Sch40,8A,NPS1/4,DN8,13.8,0.543307086614173,9.4,0.37007874015748,2.2,0.0866141732283465,0.629,0.422720207253886,14.5,1137,1087,,,,,
,2,10,0,JIS-STPG Sch40,10A,NPS3/8,DN10,17.3,0.681102362204724,12.7,0.5,2.3,0.0905511811023622,0.851,0.571915574519963,14.5,1137,1087,,,,,
,2,15,0,JIS-STPG Sch40,15A,NPS1/2,DN15,21.7,0.854330708661417,16.1,0.633858267716535,2.8,0.110236220472441,1.31,0.880387077110637,14.5,1137,1087,,,,,
,2,20,0,JIS-STPG Sch40,20A,NPS3/4,DN20,27.2,1.07086614173228,21.4,0.84251968503937,2.9,0.114173228346457,1.74,1.16936909478817,14.5,1137,976,,,,,
,2,25,0,JIS-STPG Sch40,25A,NPS1,DN25,34,1.33858267716535,27.2,1.07086614173228,3.4,0.133858267716535,2.57,1.72717159402621,14.5,987,889,,,,,
,2,32,0,JIS-STPG Sch40,32A,NPS1 1/4,DN32,42.7,1.68110236220472,35.5,1.39763779527559,3.6,0.141732283464567,3.47,2.33201767753734,14.5,828,778,,,,,
,2,40,0,JIS-STPG Sch40,40A,NPS1 1/2,DN40,48.6,1.91338582677165,41.2,1.62204724409449,3.7,0.145669291338583,4.1,2.75540993599512,15,744,725,,,,,
,2,50,0,JIS-STPG Sch40,50A,NPS2,DN50,60.5,2.38188976377953,52.7,2.0748031496063,3.9,0.153543307086614,5.44,3.6559585492228,15.5,744,725,,,,,
,2,65,0,JIS-STPG Sch40,65A,NPS2 1/2,DN65,76.3,3.00393700787402,65.9,2.59448818897638,5.2,0.204724409448819,9.12,6.1291069795794,16,599,622,,,,,
,2,80,0,JIS-STPG Sch40,80A,NPS3,DN80,89.1,3.50787401574803,78.1,3.0748031496063,5.5,0.216535433070866,11.3,7.59417860408412,18,599,622,,,,,
,2,100,0,JIS-STPG Sch40,100A,NPS4,DN100,114.3,4.5,102.3,4.02755905511811,6,0.236220472440945,16,10.75281926242,18.5,557,593,,,,,
,2,125,0,JIS-STPG Sch40,125A,NPS5,DN125,139.8,5.50393700787402,126.6,4.98425196850394,6.6,0.259842519685039,21.7,14.5835111246571,19,472,529,,,,,
,2,150,0,JIS-STPG Sch40,150A,NPS6,DN150,165.2,6.50393700787402,151,5.94488188976378,7.1,0.279527559055118,27.7,18.6158183480646,20,472,512,,,,,
,2,200,0,JIS-STPG Sch40,200A,NPS8,DN200,216.3,8.51574803149607,199.9,7.87007874015748,8.2,0.322834645669291,42.1,28.2933556842426,21,449,512,,,,,
,2,250,0,JIS-STPG Sch40,250A,NPS10,DN250,267.4,10.5275590551181,248.8,9.79527559055118,9.3,0.366141732283465,59.2,39.785431270954,21,405,465,,,,,
,2,300,0,JIS-STPG Sch40,300A,NPS12,DN300,318.5,12.5393700787402,297.9,11.7283464566929,10.3,0.405511811023622,78.3,52.6216092654678,21,390,455,,,,,
,2,350,0,JIS-STPG Sch40,350A,NPS14,DN350,355.6,14,333.4,13.1259842519685,11.1,0.437007874015748,94.3,63.3744285278878,21.5,390,455,,,,,
,2,400,0,JIS-STPG Sch40,400A,NPS16,DN400,406.4,16,381,15,12.7,0.5,123,82.6622980798537,21.5,371,441,,,,,
,2,450,0,JIS-STPG Sch40,450A,NPS18,DN450,457.2,18,428.6,16.8740157480315,14.3,0.562992125984252,156,104.839987808595,21.5,371,441,,,,,
,2,500,0,JIS-STPG Sch40,500A,NPS20,DN500,508,20,477.8,18.8110236220472,15.1,0.594488188976378,184,123.65742151783,22,360,433,,,,,
,3,6,0,JIS-STPG Sch60,6A,NPS1/8,DN6,10.5,0.413385826771654,6.1,0.240157480314961,2.2,0.0866141732283465,0.45,0.302423041755562,14.5,1137,1087,,,,,
,3,8,0,JIS-STPG Sch60,8A,NPS1/4,DN8,13.8,0.543307086614173,9,0.354330708661417,2.4,0.0944881889763779,0.675,0.453634562633344,14.5,1137,1087,,,,,
,3,10,0,JIS-STPG Sch60,10A,NPS3/8,DN10,17.3,0.681102362204724,11.7,0.460629921259843,2.8,0.110236220472441,1,0.67205120390125,14.5,1137,1087,,,,,
,3,15,0,JIS-STPG Sch60,15A,NPS1/2,DN15,21.7,0.854330708661417,15.3,0.602362204724409,3.2,0.125984251968504,1.46,0.981194757695824,14.5,1137,1087,,,,,
,3,20,0,JIS-STPG Sch60,20A,NPS3/4,DN20,27.2,1.07086614173228,20.4,0.803149606299213,3.4,0.133858267716535,2,1.3441024078025,14.5,1137,976,,,,,
,3,25,0,JIS-STPG Sch60,25A,NPS1,DN25,34,1.33858267716535,26.2,1.03149606299213,3.9,0.153543307086614,2.89,1.94222797927461,14.5,987,889,,,,,
,3,32,0,JIS-STPG Sch60,32A,NPS1 1/4,DN32,42.7,1.68110236220472,33.7,1.32677165354331,4.5,0.177165354330709,4.24,2.8494971045413,14.5,828,778,,,,,
,3,40,0,JIS-STPG Sch60,40A,NPS1 1/2,DN40,48.6,1.91338582677165,39.6,1.55905511811024,4.5,0.177165354330709,4.89,3.28633038707711,15,744,725,,,,,
,3,50,0,JIS-STPG Sch60,50A,NPS2,DN50,60.5,2.38188976377953,50.7,1.99606299212598,4.9,0.192913385826772,6.72,4.5161840902164,15.5,744,725,,,,,
,3,65,0,JIS-STPG Sch60,65A,NPS2 1/2,DN65,76.3,3.00393700787402,64.3,2.53149606299213,6,0.236220472440945,10.4,6.989332520573,16,599,622,,,,,
,3,80,0,JIS-STPG Sch60,80A,NPS3,DN80,89.1,3.50787401574803,75.9,2.98818897637795,6.6,0.259842519685039,13.4,9.00548613227675,18,599,622,,,,,
,3,100,0,JIS-STPG Sch60,100A,NPS4,DN100,114.3,4.5,100.1,3.94094488188976,7.1,0.279527559055118,18.8,12.6345626333435,18.5,557,593,,,,,
,3,125,0,JIS-STPG Sch60,125A,NPS5,DN125,139.8,5.50393700787402,123.6,4.86614173228347,8.1,0.318897637795276,26.3,17.6749466626029,19,472,529,,,,,
,3,150,0,JIS-STPG Sch60,150A,NPS6,DN150,165.2,6.50393700787402,146.6,5.77165354330709,9.3,0.366141732283465,35.8,24.0594330996647,20,472,512,,,,,
,3,200,0,JIS-STPG Sch60,200A,NPS8,DN200,216.3,8.51574803149607,195.7,7.70472440944882,10.3,0.405511811023622,52.3,35.1482779640353,21,449,512,,,,,
,3,250,0,JIS-STPG Sch60,250A,NPS10,DN250,267.4,10.5275590551181,242,9.52755905511811,12.7,0.5,79.8,53.6296860713197,21,405,465,,,,,
,3,300,0,JIS-STPG Sch60,300A,NPS12,DN300,318.5,12.5393700787402,289.9,11.4133858267717,14.3,0.562992125984252,107,71.9094788174337,21,390,455,,,,,
,3,350,0,JIS-STPG Sch60,350A,NPS14,DN350,355.6,14,325.4,12.8110236220472,15.1,0.594488188976378,127,85.3505028954587,21.5,390,455,,,,,
,3,400,0,JIS-STPG Sch60,400A,NPS16,DN400,406.4,16,373,14.6850393700787,16.7,0.65748031496063,160,107.5281926242,21.5,371,441,,,,,
,3,450,0,JIS-STPG Sch60,450A,NPS18,DN450,457.2,18,419.2,16.503937007874,19,0.748031496062992,205,137.770496799756,21.5,371,441,,,,,
,3,500,0,JIS-STPG Sch60,500A,NPS20,DN500,508,20,466.8,18.3779527559055,20.6,0.811023622047244,248,166.66869856751,22,360,433,,,,,
,4,6,0,JIS-STPG Sch80,6A,NPS1/8,DN6,10.5,0.413385826771654,5.7,0.224409448818898,2.4,0.0944881889763779,0.479,0.321912526668699,17,1137,1087,,,,,
,4,8,0,JIS-STPG Sch80,8A,NPS1/4,DN8,13.8,0.543307086614173,7.8,0.307086614173228,3,0.118110236220472,0.799,0.536968911917098,17,1137,1087,,,,,
,4,10,0,JIS-STPG Sch80,10A,NPS3/8,DN10,17.3,0.681102362204724,10.9,0.429133858267717,3.2,0.125984251968504,1.11,0.745976836330387,17,1137,1087,,,,,
,4,15,0,JIS-STPG Sch80,15A,NPS1/2,DN15,21.7,0.854330708661417,14.3,0.562992125984252,3.7,0.145669291338583,1.64,1.10216397439805,17,1137,1087,,,,,
,4,20,0,JIS-STPG Sch80,20A,NPS3/4,DN20,27.2,1.07086614173228,19.4,0.763779527559055,3.9,0.153543307086614,2.24,1.5053946967388,17,1137,976,,,,,
,4,25,0,JIS-STPG Sch80,25A,NPS1,DN25,34,1.33858267716535,25,0.984251968503937,4.5,0.177165354330709,3.27,2.19760743675709,17,987,889,,,,,
,4,32,0,JIS-STPG Sch80,32A,NPS1 1/4,DN32,42.7,1.68110236220472,32.9,1.29527559055118,4.9,0.192913385826772,4.57,3.07127400182871,17,828,778,,,,,
,4,40,0,JIS-STPG Sch80,40A,NPS1 1/2,DN40,48.6,1.91338582677165,38.4,1.51181102362205,5.1,0.200787401574803,5.47,3.67612008533983,17.5,744,725,,,,,
,4,50,0,JIS-STPG Sch80,50A,NPS2,DN50,60.5,2.38188976377953,49.5,1.9488188976378,5.5,0.216535433070866,7.46,5.01350198110332,18,744,725,,,,,
,4,65,0,JIS-STPG Sch80,65A,NPS2 1/2,DN65,76.3,3.00393700787402,62.3,2.45275590551181,7,0.275590551181102,12,8.06461444681499,19,599,622,,,,,
,4,80,0,JIS-STPG Sch80,80A,NPS3,DN80,89.1,3.50787401574803,73.9,2.90944881889764,7.6,0.299212598425197,15.3,10.2823834196891,20.5,599,622,,,,,
,4,100,0,JIS-STPG Sch80,100A,NPS4,DN100,114.3,4.5,97.1,3.82283464566929,8.6,0.338582677165354,22.4,15.053946967388,21,557,593,,,,,
,4,125,0,JIS-STPG Sch80,125A,NPS5,DN125,139.8,5.50393700787402,120.8,4.75590551181102,9.5,0.374015748031496,30.5,20.4975617189881,22,472,529,,,,,
,4,150,0,JIS-STPG Sch80,150A,NPS6,DN150,165.2,6.50393700787402,143.2,5.63779527559055,11,0.433070866141732,41.8,28.0917403230722,23,472,512,,,,,
,4,200,0,JIS-STPG Sch80,200A,NPS8,DN200,216.3,8.51574803149607,190.9,7.51574803149606,12.7,0.5,63.8,42.8768668088997,24.5,449,512,,,,,
,4,250,0,JIS-STPG Sch80,250A,NPS10,DN250,267.4,10.5275590551181,237.2,9.33858267716535,15.1,0.594488188976378,93.9,63.1056080463273,24.5,405,465,,,,,
,4,300,0,JIS-STPG Sch80,300A,NPS12,DN300,318.5,12.5393700787402,283.7,11.1692913385827,17.4,0.68503937007874,129,86.6946053032612,24.5,390,455,,,,,
,4,350,0,JIS-STPG Sch80,350A,NPS14,DN350,355.6,14,317.6,12.503937007874,19,0.748031496062992,158,106.184090216397,25,390,455,,,,,
,4,400,0,JIS-STPG Sch80,400A,NPS16,DN400,406.4,16,363.6,14.3149606299213,21.4,0.84251968503937,203,136.426394391954,25,371,441,,,,,
,4,450,0,JIS-STPG Sch80,450A,NPS18,DN450,457.2,18,409.6,16.1259842519685,23.8,0.937007874015748,254,170.701005790917,25,371,441,,,,,
,4,500,0,JIS-STPG Sch80,500A,NPS20,DN500,508,20,455.6,17.9370078740158,26.2,1.03149606299213,311,209.007924413289,27.5,360,433,,,,,
,5,6,1,ANSI Sch40,6A,NPS1/8,DN6,10.287,0.405,6.8326,0.269,1.7272,0.068,0.357115646258503,0.24,14.5,1137,1087,,,,,
,5,8,1,ANSI Sch40,8A,NPS1/4,DN8,13.716,0.54,9.2456,0.364,2.2352,0.088,0.624952380952381,0.42,14.5,1137,1087,,,,,
,5,10,1,ANSI Sch40,10A,NPS3/8,DN10,17.145,0.675,12.5222,0.493,2.3114,0.091,0.848149659863945,0.57,14.5,1137,1087,,,,,
,5,15,1,ANSI Sch40,15A,NPS1/2,DN15,21.336,0.84,15.7988,0.622,2.7686,0.109,1.26478458049887,0.85,14.5,1137,1087,,,,,
,5,20,1,ANSI Sch40,20A,NPS3/4,DN20,26.67,1.05,20.9296,0.824,2.8702,0.113,1.68141950113379,1.13,14.5,1137,976,,,,,
,5,25,1,ANSI Sch40,25A,NPS1,DN25,33.401,1.315,26.6446,1.049,3.3782,0.133,2.49980952380952,1.68,14.5,987,889,,,,,
,5,32,1,ANSI Sch40,32A,NPS1 1/4,DN32,42.164,1.66,35.052,1.38,3.556,0.14,3.37771882086168,2.27,15,828,778,,,,,
,5,40,1,ANSI Sch40,40A,NPS1 1/2,DN40,48.26,1.9,40.894,1.61,3.683,0.145,4.04731065759637,2.72,15,744,725,,,,,
,5,50,1,ANSI Sch40,50A,NPS2,DN50,60.325,2.375,52.5018,2.067,3.9116,0.154,5.43113378684807,3.65,15.5,744,725,,,,,
,5,65,1,ANSI Sch40,65A,NPS2 1/2,DN65,73.025,2.875,62.7126,2.469,5.1562,0.203,8.61541496598639,5.79,16,599,622,,,,,
,5,80,1,ANSI Sch40,80A,NPS3,DN80,88.9,3.5,77.9272,3.068,5.4864,0.216,11.2789024943311,7.58,18,599,622,,,,,
,5,100,1,ANSI Sch40,100A,NPS4,DN100,114.3,4.5,102.2604,4.026,6.0198,0.237,16.0553242630385,10.79,18.5,557,593,,,,,
,5,125,1,ANSI Sch40,125A,NPS5,DN125,141.3002,5.563,128.1938,5.047,6.5532,0.258,21.7542947845805,14.62,19,472,529,,,,,
,5,150,1,ANSI Sch40,150A,NPS6,DN150,168.275,6.625,154.051,6.065,7.112,0.28,28.2270158730159,18.97,20,472,512,,,,,
,5,200,1,ANSI Sch40,200A,NPS8,DN200,219.075,8.625,202.7174,7.981,8.1788,0.322,42.4818820861678,28.55,21,449,512,,,,,
,5,250,1,ANSI Sch40,250A,NPS10,DN250,273.05,10.75,254.508,10.02,9.271,0.365,60.2335056689342,40.48,21,405,465,,,,,
,5,300,1,ANSI Sch40,300A,NPS12,DN300,323.85,12.75,303.2252,11.938,10.3124,0.406,79.6367891156463,53.52,21,390,455,,,,,
,5,350,1,ANSI Sch40,350A,NPS14,DN350,355.6,14,333.3496,13.124,11.1252,0.438,94.3975691609977,63.44,21.5,390,455,,,,,
,5,400,1,ANSI Sch40,400A,NPS16,DN400,406.4,16,381,15,12.7,0.5,123.160258503401,82.77,21.5,371,441,,,,,
,5,450,1,ANSI Sch40,450A,NPS18,DN450,457.2,18,428.6504,16.876,14.2748,0.562,155.74706122449,104.67,21.5,371,441,,,,,
,5,500,1,ANSI Sch40,500A,NPS20,DN500,508,20,477.8248,18.812,15.0876,0.594,183.185446712018,123.11,22,360,433,,,,,
,6,6,1,ANSI Sch80,6A,NPS1/8,DN6,10.287,0.405,5.461,0.215,2.413,0.095,0.461274376417234,0.31,17,1137,1087,,,,,
,6,8,1,ANSI Sch80,8A,NPS1/4,DN8,13.716,0.54,7.6708,0.302,3.0226,0.119,0.803510204081633,0.54,17,1137,1087,,,,,
,6,10,1,ANSI Sch80,10A,NPS3/8,DN10,17.145,0.675,10.7442,0.423,3.2004,0.126,1.10110657596372,0.74,17,1137,1087,,,,,
,6,15,1,ANSI Sch80,15A,NPS1/2,DN15,21.336,0.84,13.8684,0.546,3.7338,0.147,1.62190022675737,1.09,17,1137,1087,,,,,
,6,20,1,ANSI Sch80,20A,NPS3/4,DN20,26.67,1.05,18.8468,0.742,3.9116,0.154,2.18733333333333,1.47,17,1137,976,,,,,
,6,25,1,ANSI Sch80,25A,NPS1,DN25,33.401,1.315,24.3078,0.957,4.5466,0.179,3.22892063492063,2.17,17,987,889,,,,,
,6,32,1,ANSI Sch80,32A,NPS1 1/4,DN32,42.164,1.66,32.4612,1.278,4.8514,0.191,4.46394557823129,3,17,828,778,,,,,
,6,40,1,ANSI Sch80,40A,NPS1 1/2,DN40,48.26,1.9,38.1,1.5,5.08,0.2,5.40137414965986,3.63,17.5,744,725,,,,,
,6,50,1,ANSI Sch80,50A,NPS2,DN50,60.325,2.375,49.2506,1.939,5.5372,0.218,7.46966893424036,5.02,18,744,725,,,,,
,6,65,1,ANSI Sch80,65A,NPS2 1/2,DN65,73.025,2.875,59.0042,2.323,7.0104,0.276,11.3979410430839,7.66,19,599,622,,,,,
,6,80,1,ANSI Sch80,80A,NPS3,DN80,88.9,3.5,73.66,2.9,7.62,0.3,15.2518140589569,10.25,20.5,599,622,,,,,
,6,100,1,ANSI Sch80,100A,NPS4,DN100,114.3,4.5,97.1804,3.826,8.5598,0.337,22.2899682539683,14.98,21,557,593,,,,,
,6,125,1,ANSI Sch80,125A,NPS5,DN125,141.3002,5.563,122.2502,4.813,9.525,0.375,30.9202630385488,20.78,22,472,529,,,,,
,6,150,1,ANSI Sch80,150A,NPS6,DN150,168.275,6.625,146.3294,5.761,10.9728,0.432,42.511641723356,28.57,23,472,512,,,,,
,6,200,1,ANSI Sch80,200A,NPS8,DN200,219.075,8.625,193.675,7.625,12.7,0.5,64.5635328798186,43.39,24.5,449,512,,,,,
,6,250,1,ANSI Sch80,250A,NPS10,DN250,273.05,10.75,242.8748,9.562,15.0876,0.594,95.8706712018141,64.43,24.5,405,465,,,,,
,6,300,1,ANSI Sch80,300A,NPS12,DN300,323.85,12.75,288.8996,11.374,17.4752,0.688,131.879832199546,88.63,24.5,390,455,,,,,
,6,350,1,ANSI Sch80,350A,NPS14,DN350,355.6,14,317.5,12.5,19.05,0.75,157.874875283447,106.1,25,390,455,,,,,
,6,400,1,ANSI Sch80,400A,NPS16,DN400,406.4,16,363.5248,14.312,21.4376,0.844,203.273201814059,136.61,25,371,441,,,,,
,6,450,1,ANSI Sch80,450A,NPS18,DN450,457.2,18,409.5496,16.124,23.8252,0.938,254.325859410431,170.92,25,371,441,,,,,
,6,500,1,ANSI Sch80,500A,NPS20,DN500,508,20,455.6252,17.938,26.1874,1.031,310.794770975057,208.87,27.5,360,433,,,,,
,7,15,1,ANSI Sch160,15A,NPS1/2,DN15,21.336,0.84,11.7856,0.464,4.7752,0.188,1.94925623582766,1.31,19,1137,1087,,,,,
,7,20,1,ANSI Sch160,20A,NPS3/4,DN20,26.67,1.05,15.5448,0.612,5.5626,0.219,2.88668480725624,1.94,19,1137,976,,,,,
,7,25,1,ANSI Sch160,25A,NPS1,DN25,33.401,1.315,20.701,0.815,6.35,0.25,4.22586848072562,2.84,19,987,889,,,,,
,7,32,1,ANSI Sch160,32A,NPS1 1/4,DN32,42.164,1.66,29.464,1.16,6.35,0.25,5.59481179138322,3.76,19,828,778,,,,,
,7,40,1,ANSI Sch160,40A,NPS1 1/2,DN40,48.26,1.9,33.9852,1.338,7.1374,0.281,7.2315918367347,4.86,20,744,725,,,,,
,7,50,1,ANSI Sch160,50A,NPS2,DN50,60.325,2.375,42.8498,1.687,8.7376,0.344,11.1003446712018,7.46,21.5,744,725,,,,,
,7,65,1,ANSI Sch160,65A,NPS2 1/2,DN65,73.025,2.875,53.975,2.125,9.525,0.375,14.8946984126984,10.01,22,599,622,,,,,
,7,80,1,ANSI Sch160,80A,NPS3,DN80,88.9,3.5,66.6496,2.624,11.1252,0.438,21.3079002267574,14.32,23,599,622,,,,,
,7,100,1,ANSI Sch160,100A,NPS4,DN100,114.3,4.5,87.3252,3.438,13.4874,0.531,33.4944716553288,22.51,24.5,557,593,,,,,
,7,125,1,ANSI Sch160,125A,NPS5,DN125,141.3002,5.563,109.5502,4.313,15.875,0.625,49.0438820861678,32.96,26,472,529,,,,,
,7,150,1,ANSI Sch160,150A,NPS6,DN150,168.275,6.625,131.7498,5.187,18.2626,0.719,67.479977324263,45.35,27,472,512,,,,,
,7,200,1,ANSI Sch160,200A,NPS8,DN200,219.075,8.625,173.0502,6.813,23.0124,0.906,111.137365079365,74.69,28.5,449,512,,,,,
,7,250,1,ANSI Sch160,250A,NPS10,DN250,273.05,10.75,215.9,8.5,28.575,1.125,172.070222222222,115.64,28.5,405,465,,,,,
,7,300,1,ANSI Sch160,300A,NPS12,DN300,323.85,12.75,257.2004,10.126,33.3248,1.312,238.47885260771,160.27,28.5,390,455,,,,,
,7,350,1,ANSI Sch160,350A,NPS14,DN350,355.6,14,284.1752,11.188,35.7124,1.406,281.392249433107,189.11,29,390,455,,,,,
,7,400,1,ANSI Sch160,400A,NPS16,DN400,406.4,16,325.4248,12.812,40.4876,1.594,364.927551020408,245.25,29,371,441,,,,,
,7,450,1,ANSI Sch160,450A,NPS18,DN450,457.2,18,366.7252,14.438,45.2374,1.781,459.042403628118,308.5,29,371,441,,,,,
,7,500,1,ANSI Sch160,500A,NPS20,DN500,508,20,407.9748,16.062,50.0126,1.969,564.198081632653,379.17,29.5,360,433,,,,,
,8,6,2,DIN 2448,6A,NPS1/8,DN6,10.2,0.401574803149606,7,0.275590551181102,1.6,0.062992125984252,0.344,0.23118561414203,14.5,1137,1087,,,,,
,8,8,2,DIN 2448,8A,NPS1/4,DN8,13.5,0.531496062992126,9.9,0.389763779527559,1.8,0.0708661417322835,0.522,0.350810728436452,14.5,1137,1087,,,,,
,8,10,2,DIN 2448,10A,NPS3/8,DN10,17.2,0.677165354330709,13.6,0.535433070866142,1.8,0.0708661417322835,0.688,0.46237122828406,14.5,1137,1087,,,,,
,8,15,2,DIN 2448,15A,NPS1/2,DN15,21.3,0.838582677165354,17.3,0.681102362204724,2,0.078740157480315,0.962,0.646513258153002,14.5,1137,1087,,,,,
,8,20,2,DIN 2448,20A,NPS3/4,DN20,26.9,1.05905511811024,22.3,0.877952755905512,2.3,0.0905511811023622,1.41,0.947592197500762,14.5,1137,976,,,,,
,8,25,2,DIN 2448,25A,NPS1,DN25,33.7,1.32677165354331,28.5,1.12204724409449,2.6,0.102362204724409,2.01,1.35082291984151,14.5,987,889,,,,,
,8,32,2,DIN 2448,32A,NPS1 1/4,DN32,42.4,1.66929133858268,37.2,1.46456692913386,2.6,0.102362204724409,2.57,1.72717159402621,14.5,828,778,,,,,
,8,40,2,DIN 2448,40A,NPS1 1/2,DN40,48.3,1.90157480314961,43.1,1.69685039370079,2.6,0.102362204724409,2.95,1.98255105150869,15,744,725,,,,,
,8,50,2,DIN 2448,50A,NPS2,DN50,60.3,2.3740157480315,54.5,2.14566929133858,2.9,0.114173228346457,4.14,2.78229198415117,15.5,744,725,,,,,
,8,65,2,DIN 2448,65A,NPS2 1/2,DN65,76.1,2.99606299212598,70.3,2.76771653543307,2.9,0.114173228346457,5.28,3.5484303565986,16,599,622,,,,,
,8,80,2,DIN 2448,80A,NPS3,DN80,88.9,3.5,82.5,3.24803149606299,3.2,0.125984251968504,6.81,4.57666869856751,18,599,622,,,,,
,8,100,2,DIN 2448,100A,NPS4,DN100,114.3,4.5,107.1,4.21653543307087,3.6,0.141732283464567,9.9,6.65330691862237,18.5,557,593,,,,,
,8,125,2,DIN 2448,125A,NPS5,DN125,139.7,5.5,131.7,5.18503937007874,4,0.15748031496063,13.5,9.07269125266687,19,472,529,,,,,
,8,150,2,DIN 2448,150A,NPS6,DN150,168.3,6.6259842519685,159.3,6.27165354330709,4.5,0.177165354330709,18.1,12.1641267906126,20,472,512,,,,,
,8,200,2,DIN 2448,200A,NPS8,DN200,219.1,8.6259842519685,207.3,8.16141732283465,5.9,0.232283464566929,31,20.8335873209387,21,449,512,,,,,
,8,250,2,DIN 2448,250A,NPS10,DN250,273,10.748031496063,260.4,10.251968503937,6.3,0.248031496062992,41.6,27.957330082292,21,405,465,,,,,
,8,300,2,DIN 2448,300A,NPS12,DN300,323.9,12.751968503937,309.7,12.1929133858268,7.1,0.279527559055118,55.6,37.3660469369095,21,390,455,,,,,
,8,350,2,DIN 2448,350A,NPS14,DN350,355.6,14,339.6,13.3700787401575,8,0.31496062992126,68.3,45.9010972264553,21.5,390,455,,,,,
,8,400,2,DIN 2448,400A,NPS16,DN400,406.4,16,388.8,15.3070866141732,8.8,0.346456692913386,85.9,57.7291984151174,21.5,371,441,,,,,
,8,450,2,DIN 2448,450A,NPS18,DN450,457.2,18,437.2,17.2125984251969,10,0.393700787401575,110,73.9256324291375,21.5,371,441,,,,,
,8,500,2,DIN 2448,500A,NPS20,DN500,508,20,486,19.1338582677165,11,0.433070866141732,135,90.7269125266687,22,360,433,,,,,
